1,Carlos,Fox,cfox0@stanford.edu,Male,192.208.4.24
2,Kathy,Evans,kevans1@gov.uk,Female,187.45.37.218
3,Anna,Franklin,afranklin2@timesonline.co.uk,Female,71.171.11.76
4,Gary,Montgomery,gmontgomery3@cam.ac.uk,Male,145.160.198.228
5,Tammy,Hill,thill4@bandcamp.com,Female,216.12.249.206
6,Roy,Morgan,rmorgan5@nbcnews.com,Male,51.217.159.121
7,Lillian,Campbell,lcampbell6@mayoclinic.com,Female,68.120.156.154
8,Rachel,Harper,rharper7@webnode.com,Female,186.215.254.199
9,Christopher,Ellis,cellis8@google.it,Male,104.35.98.224
10,Ruby,Roberts,rroberts9@domainmarket.com,Female,72.47.13.114
11,Diane,Sanders,dsandersa@archive.org,Female,109.54.43.182
12,Rebecca,Stewart,rstewartb@technorati.com,Female,60.99.201.29
13,Carol,Bailey,cbaileyc@multiply.com,Female,121.112.187.146
14,Marilyn,Banks,mbanksd@slashdot.org,Female,124.65.63.80
15,Ashley,Hansen,ahansene@columbia.edu,Female,16.84.56.65
16,Lisa,Larson,llarsonf@tripod.com,Female,153.250.148.182
17,Eugene,Hernandez,ehernandezg@t.co,Male,223.247.113.99
18,Amanda,Coleman,acolemanh@mail.ru,Female,65.62.206.132
19,Donna,Harper,dharperi@vinaora.com,Female,83.25.199.10
20,Jennifer,Bowman,jbowmanj@narod.ru,Female,6.155.26.30
21,Doris,Fields,dfieldsk@abc.net.au,Female,35.190.36.169
22,Pamela,Payne,ppaynel@godaddy.com,Female,143.78.253.104
23,Todd,Hanson,thansonm@gravatar.com,Male,217.70.26.203
24,Rose,Little,rlittlen@guardian.co.uk,Female,73.198.182.92
25,Stephanie,Morris,smorriso@e-recht24.de,Female,42.180.254.149
26,Benjamin,Burton,bburtonp@indiegogo.com,Male,96.188.237.54
27,Marilyn,Turner,mturnerq@surveymonkey.com,Female,145.131.103.86
28,Mark,Foster,mfosterr@house.gov,Male,88.45.200.191
29,Henry,Gordon,hgordons@foxnews.com,Male,244.172.214.203
30,Albert,Clark,aclarkt@storify.com,Male,104.77.192.132
31,Kathleen,Gibson,kgibsonu@psu.edu,Female,135.23.59.198
32,Alan,Vasquez,avasquezv@si.edu,Male,200.159.43.160
33,Diane,Stanley,dstanleyw@bandcamp.com,Female,236.244.46.219
34,Helen,Nichols,hnicholsx@csmonitor.com,Female,4.86.9.53
35,John,Kelly,jkellyy@aboutads.info,Male,164.216.97.66
36,Tina,Bowman,tbowmanz@storify.com,Female,68.93.114.230
37,Teresa,Garrett,tgarrett10@fastcompany.com,Female,208.164.76.245
38,Betty,Montgomery,bmontgomery11@globo.com,Female,83.138.201.49
39,Jason,Sullivan,jsullivan12@vimeo.com,Male,110.162.225.106
40,Jeffrey,Mitchell,jmitchell13@usa.gov,Male,42.116.172.26
41,Virginia,Burns,vburns14@youku.com,Female,55.76.99.52
42,Donna,Medina,dmedina15@statcounter.com,Female,105.205.161.165
43,James,Stewart,jstewart16@xinhuanet.com,Male,179.149.80.54
44,Amy,Arnold,aarnold17@t.co,Female,206.109.244.159
45,Lois,Gilbert,lgilbert18@smugmug.com,Female,219.162.52.148
46,Patricia,Fox,pfox19@telegraph.co.uk,Female,66.77.158.8
47,James,Stanley,jstanley1a@trellian.com,Male,58.194.40.28
48,Harold,Bradley,hbradley1b@trellian.com,Male,50.211.66.29
49,Larry,Stephens,lstephens1c@posterous.com,Male,36.53.98.178
50,Jerry,Stanley,jstanley1d@chron.com,Male,155.159.136.118
51,Donna,Bryant,dbryant1e@ucoz.com,Female,163.81.206.103
52,Debra,Hunt,dhunt1f@acquirethisname.com,Female,27.246.71.202
53,Janice,James,jjames1g@google.pl,Female,197.179.202.66
54,Paul,Rice,price1h@dion.ne.jp,Male,180.108.169.88
55,Antonio,Cox,acox1i@facebook.com,Male,125.80.236.222
56,Gerald,Fox,gfox1j@desdev.cn,Male,64.94.91.25
57,Deborah,Daniels,ddaniels1k@meetup.com,Female,137.133.240.240
58,Evelyn,Chavez,echavez1l@hexun.com,Female,104.129.125.21
59,Lillian,Weaver,lweaver1m@mediafire.com,Female,181.241.187.75
60,Craig,Morrison,cmorrison1n@nba.com,Male,32.220.8.173
61,Joan,Patterson,jpatterson1o@gravatar.com,Female,160.56.189.95
62,Sandra,Andrews,sandrews1p@1und1.de,Female,231.96.166.216
63,Julia,Long,jlong1q@accuweather.com,Female,195.252.47.191
64,Robin,Richardson,rrichardson1r@about.me,Female,77.172.135.24
65,Billy,Romero,bromero1s@shutterfly.com,Male,135.182.200.37
66,Betty,Robertson,brobertson1t@blogtalkradio.com,Female,76.233.93.31
67,Cynthia,Cunningham,ccunningham1u@tripod.com,Female,233.72.254.141
68,Kenneth,Arnold,karnold1v@indiatimes.com,Male,229.130.39.220
69,Mark,Graham,mgraham1w@narod.ru,Male,40.33.225.187
70,Wanda,Alexander,walexander1x@intel.com,Female,31.47.38.12
71,Willie,Jacobs,wjacobs1y@meetup.com,Male,196.42.212.96
72,Paul,Collins,pcollins1z@diigo.com,Male,34.142.115.63
73,Bruce,Hanson,bhanson20@smh.com.au,Male,192.169.86.197
74,Louise,Roberts,lroberts21@opensource.org,Female,255.29.158.75
75,Donna,Carpenter,dcarpenter22@bravesites.com,Female,140.10.59.222
76,Brenda,Warren,bwarren23@elpais.com,Female,165.198.204.44
77,Phillip,Peters,ppeters24@google.ca,Male,125.140.45.194
78,George,Greene,ggreene25@hud.gov,Male,167.87.94.232
79,Paula,Walker,pwalker26@people.com.cn,Female,81.200.217.112
80,Rose,Jones,rjones27@surveymonkey.com,Female,24.225.182.155
81,Alice,Medina,amedina28@theglobeandmail.com,Female,159.101.130.191
82,Melissa,Banks,mbanks29@comsenz.com,Female,18.100.75.251
83,Larry,Tucker,ltucker2a@apache.org,Male,114.72.196.64
84,Doris,Knight,dknight2b@elegantthemes.com,Female,196.216.34.49
85,Lois,Powell,lpowell2c@salon.com,Female,249.65.184.161
86,Joseph,Hart,jhart2d@usa.gov,Male,161.26.253.185
87,Amanda,Marshall,amarshall2e@auda.org.au,Female,60.228.242.52
88,Sean,Banks,sbanks2f@plala.or.jp,Male,0.93.94.84
89,Michael,Kelly,mkelly2g@unesco.org,Male,218.217.4.65
90,Martha,Vasquez,mvasquez2h@sourceforge.net,Female,63.57.20.116
91,Andrea,Parker,aparker2i@unicef.org,Female,184.126.219.82
92,Kimberly,Payne,kpayne2j@tumblr.com,Female,201.171.106.138
93,Diane,Armstrong,darmstrong2k@github.com,Female,151.76.63.60
94,Evelyn,Robertson,erobertson2l@goo.gl,Female,180.183.4.156
95,Melissa,Vasquez,mvasquez2m@digg.com,Female,173.131.187.89
96,Gerald,Barnes,gbarnes2n@paginegialle.it,Male,180.20.129.143
97,Jane,Morgan,jmorgan2o@npr.org,Female,32.108.58.153
98,Alan,Pierce,apierce2p@scribd.com,Male,27.22.23.169
99,Stephanie,Williams,swilliams2q@businessinsider.com,Female,234.152.179.59
100,Jack,Castillo,jcastillo2r@123-reg.co.uk,Male,71.113.26.165
101,Antonio,Turner,aturner2s@tuttocitta.it,Male,173.154.154.156
102,Joseph,Knight,jknight2t@youtu.be,Male,112.195.51.81
103,Catherine,Howell,chowell2u@bloglines.com,Female,5.195.120.67
104,Michelle,Ruiz,mruiz2v@ow.ly,Female,224.104.210.250
105,Martha,Schmidt,mschmidt2w@stumbleupon.com,Female,164.11.154.224
106,Amy,Medina,amedina2x@blogtalkradio.com,Female,29.190.172.126
107,Joseph,Baker,jbaker2y@etsy.com,Male,231.134.101.147
108,Paul,Miller,pmiller2z@blogspot.com,Male,23.71.39.154
109,Cynthia,Harper,charper30@purevolume.com,Female,189.139.49.173
110,Philip,Russell,prussell31@un.org,Male,137.254.201.149
111,John,Welch,jwelch32@yahoo.co.jp,Male,128.57.95.92
112,Lois,West,lwest33@paginegialle.it,Female,149.47.57.19
113,Jane,Fisher,jfisher34@gmpg.org,Female,151.14.109.33
114,Marilyn,Warren,mwarren35@networkadvertising.org,Female,164.20.242.75
115,Lawrence,Henry,lhenry36@apple.com,Male,186.243.54.86
116,Michael,Henderson,mhenderson37@example.com,Male,52.33.239.72
117,Angela,Wheeler,awheeler38@nationalgeographic.com,Female,2.49.245.59
118,Rebecca,Woods,rwoods39@addthis.com,Female,90.2.196.10
119,Larry,Willis,lwillis3a@economist.com,Male,218.73.223.57
120,Andrew,Bennett,abennett3b@apple.com,Male,165.78.176.42
121,Nancy,Sullivan,nsullivan3c@scientificamerican.com,Female,30.20.192.207
122,Jason,Kelley,jkelley3d@dion.ne.jp,Male,178.75.225.136
123,Harry,Duncan,hduncan3e@sogou.com,Male,9.159.197.249
124,Alan,Morrison,amorrison3f@cdbaby.com,Male,235.58.47.157
125,Lillian,Garrett,lgarrett3g@sphinn.com,Female,173.20.109.220
126,Betty,Hart,bhart3h@dropbox.com,Female,223.42.158.0
127,Ryan,Martinez,rmartinez3i@businessinsider.com,Male,159.184.40.207
128,John,Riley,jriley3j@aboutads.info,Male,59.63.186.155
129,Lawrence,Fields,lfields3k@odnoklassniki.ru,Male,198.249.10.32
130,Todd,Ruiz,truiz3l@intel.com,Male,87.106.168.53
131,Bruce,Wagner,bwagner3m@blogtalkradio.com,Male,118.175.233.198
132,Margaret,Rogers,mrogers3n@hhs.gov,Female,204.122.105.9
133,Jacqueline,Allen,jallen3o@ebay.co.uk,Female,141.67.118.118
134,Louis,Kim,lkim3p@redcross.org,Male,151.142.95.181
135,Ashley,Moore,amoore3q@geocities.com,Female,154.19.240.211
136,Robin,Harper,rharper3r@baidu.com,Female,60.11.3.214
137,Billy,Garrett,bgarrett3s@vimeo.com,Male,138.170.203.175
138,Jimmy,Young,jyoung3t@answers.com,Male,169.158.211.23
139,Dennis,Phillips,dphillips3u@free.fr,Male,164.153.205.127
140,Victor,Howard,vhoward3v@mail.ru,Male,5.142.131.240
141,Larry,Williamson,lwilliamson3w@geocities.com,Male,180.176.42.240
142,Anna,Butler,abutler3x@bigcartel.com,Female,11.210.181.78
143,Johnny,Cox,jcox3y@bloglines.com,Male,90.26.228.210
144,Margaret,Martin,mmartin3z@tripadvisor.com,Female,214.156.250.143
145,Joseph,Morris,jmorris40@creativecommons.org,Male,19.70.34.253
146,Anna,Austin,aaustin41@ca.gov,Female,107.132.94.205
147,Judy,Gutierrez,jgutierrez42@studiopress.com,Female,18.56.130.110
148,Margaret,Sanchez,msanchez43@salon.com,Female,45.44.208.212
149,Ronald,George,rgeorge44@hao123.com,Male,222.27.223.174
150,Roy,Hanson,rhanson45@g.co,Male,239.107.205.122
151,Jack,Gonzales,jgonzales46@so-net.ne.jp,Male,32.8.223.42
152,Christine,Gibson,cgibson47@vinaora.com,Female,50.160.112.152
153,Kathryn,Fowler,kfowler48@smh.com.au,Female,111.40.198.137
154,Charles,Jones,cjones49@google.com.br,Male,115.199.135.235
155,Tina,Greene,tgreene4a@mit.edu,Female,20.134.149.237
156,Bobby,Collins,bcollins4b@deviantart.com,Male,225.5.98.115
157,Lois,Torres,ltorres4c@ask.com,Female,54.60.66.173
158,Anne,Perry,aperry4d@mayoclinic.com,Female,91.2.88.172
159,James,Howell,jhowell4e@google.co.jp,Male,119.7.158.126
160,Margaret,Hunter,mhunter4f@bing.com,Female,153.178.40.212
161,Sean,Wilson,swilson4g@elegantthemes.com,Male,241.228.89.158
162,Margaret,Watkins,mwatkins4h@newsvine.com,Female,161.162.51.250
163,Kenneth,Murphy,kmurphy4i@clickbank.net,Male,160.36.163.138
164,Steven,Shaw,sshaw4j@storify.com,Male,216.151.98.39
165,Keith,Patterson,kpatterson4k@qq.com,Male,39.250.36.152
166,Heather,Foster,hfoster4l@marketwatch.com,Female,228.107.63.106
167,Irene,Morgan,imorgan4m@examiner.com,Female,87.137.216.149
168,Patricia,Clark,pclark4n@usgs.gov,Female,55.20.233.84
169,Keith,Watkins,kwatkins4o@prweb.com,Male,63.13.97.188
170,Christine,Reed,creed4p@forbes.com,Female,212.96.239.132
171,Adam,Knight,aknight4q@archive.org,Male,57.123.134.234
172,Larry,Warren,lwarren4r@marriott.com,Male,192.159.93.39
173,Alan,Watkins,awatkins4s@webmd.com,Male,11.112.86.77
174,Laura,Murray,lmurray4t@aol.com,Female,53.109.250.178
175,Ernest,Williams,ewilliams4u@reuters.com,Male,134.212.166.122
176,Russell,Mason,rmason4v@washington.edu,Male,21.105.157.48
177,Matthew,Alexander,malexander4w@sourceforge.net,Male,62.7.53.217
178,Gregory,Wood,gwood4x@slideshare.net,Male,119.210.144.115
179,Christopher,Freeman,cfreeman4y@diigo.com,Male,132.22.198.91
180,Sharon,White,swhite4z@webeden.co.uk,Female,118.33.221.244
181,Diana,Ryan,dryan50@nytimes.com,Female,130.188.28.144
182,Louis,Carpenter,lcarpenter51@uol.com.br,Male,158.177.186.62
183,Brenda,Collins,bcollins52@netscape.com,Female,56.101.228.213
184,Randy,Anderson,randerson53@qq.com,Male,244.104.246.222
185,Mark,Oliver,moliver54@ucoz.com,Male,54.93.32.50
186,Thomas,Elliott,telliott55@scribd.com,Male,5.4.125.222
187,John,Hunter,jhunter56@meetup.com,Male,180.203.55.195
188,Rachel,Kim,rkim57@google.de,Female,103.179.0.250
189,Melissa,Matthews,mmatthews58@squarespace.com,Female,148.239.32.18
190,Melissa,Oliver,moliver59@shinystat.com,Female,237.48.217.35
191,Bonnie,Flores,bflores5a@nymag.com,Female,46.154.49.40
192,Carl,Turner,cturner5b@hibu.com,Male,125.208.177.177
193,Kathryn,Stone,kstone5c@rediff.com,Female,7.139.233.92
194,Anna,Powell,apowell5d@umn.edu,Female,213.176.188.96
195,Harry,Day,hday5e@yelp.com,Male,24.63.180.243
196,Thomas,Jenkins,tjenkins5f@github.com,Male,166.129.166.44
197,Gerald,Rogers,grogers5g@hostgator.com,Male,3.69.127.118
198,Justin,Gutierrez,jgutierrez5h@nifty.com,Male,74.142.67.89
199,Ruth,Gonzalez,rgonzalez5i@slate.com,Female,25.22.83.136
200,Harry,Scott,hscott5j@prweb.com,Male,251.174.208.194
201,Shirley,Young,syoung5k@dion.ne.jp,Female,68.9.97.59
202,Betty,Gonzalez,bgonzalez5l@live.com,Female,147.58.191.223
203,Jennifer,Nichols,jnichols5m@google.com.au,Female,252.102.129.17
204,Robin,Torres,rtorres5n@ucoz.com,Female,62.34.160.224
205,Roger,Williamson,rwilliamson5o@google.com.br,Male,151.89.116.236
206,Janice,Washington,jwashington5p@dagondesign.com,Female,83.189.42.137
207,Janice,Nichols,jnichols5q@japanpost.jp,Female,54.232.40.19
208,Melissa,Hansen,mhansen5r@soup.io,Female,202.135.151.101
209,Susan,Stone,sstone5s@washingtonpost.com,Female,70.230.248.205
210,Elizabeth,Kelly,ekelly5t@columbia.edu,Female,214.5.190.249
211,Harold,Cook,hcook5u@adobe.com,Male,209.41.32.24
212,Adam,Wright,awright5v@gizmodo.com,Male,32.213.234.201
213,Marilyn,Johnson,mjohnson5w@mediafire.com,Female,116.57.108.176
214,Brandon,Welch,bwelch5x@amazonaws.com,Male,58.202.151.38
215,Ann,Cook,acook5y@huffingtonpost.com,Female,204.90.7.118
216,Adam,Sullivan,asullivan5z@google.ca,Male,201.254.58.3
217,Jonathan,Frazier,jfrazier60@unicef.org,Male,228.219.227.248
218,Irene,Fox,ifox61@shutterfly.com,Female,29.173.243.214
219,Lillian,Long,llong62@imdb.com,Female,241.25.238.148
220,Ashley,Freeman,afreeman63@facebook.com,Female,83.238.165.210
221,Betty,Ferguson,bferguson64@harvard.edu,Female,231.75.141.168
222,Donna,Lawrence,dlawrence65@networkadvertising.org,Female,184.17.234.152
223,Brian,Powell,bpowell66@nih.gov,Male,28.226.55.39
224,Raymond,Bowman,rbowman67@marriott.com,Male,106.11.98.24
225,Eric,Cooper,ecooper68@msu.edu,Male,37.138.230.65
226,Harold,Johnson,hjohnson69@state.gov,Male,235.15.183.55
227,Raymond,Morales,rmorales6a@booking.com,Male,30.145.240.64
228,Christina,Stephens,cstephens6b@wunderground.com,Female,82.114.115.68
229,Rebecca,Stephens,rstephens6c@google.com.au,Female,114.56.28.105
230,Donna,Ramirez,dramirez6d@pcworld.com,Female,105.201.2.149
231,Arthur,Myers,amyers6e@businessweek.com,Male,59.41.39.204
232,Keith,Moore,kmoore6f@printfriendly.com,Male,19.156.75.213
233,Sarah,Rose,srose6g@mac.com,Female,87.95.174.16
234,Susan,Ross,sross6h@dmoz.org,Female,211.12.125.39
235,Donald,Lewis,dlewis6i@ning.com,Male,13.150.31.135
236,John,Alvarez,jalvarez6j@instagram.com,Male,20.77.207.232
237,Anne,Murphy,amurphy6k@slashdot.org,Female,213.124.80.19
238,Walter,Mitchell,wmitchell6l@army.mil,Male,28.74.164.242
239,Phyllis,Coleman,pcoleman6m@forbes.com,Female,122.121.53.11
240,Sandra,Owens,sowens6n@jugem.jp,Female,89.216.58.215
241,Martha,Stevens,mstevens6o@jimdo.com,Female,111.225.12.206
242,Barbara,Woods,bwoods6p@tamu.edu,Female,94.167.16.96
243,Tammy,Stone,tstone6q@ucsd.edu,Female,240.215.215.145
244,Melissa,Hill,mhill6r@oracle.com,Female,135.187.166.60
245,Mary,Duncan,mduncan6s@europa.eu,Female,65.48.32.32
246,Phillip,Porter,pporter6t@rediff.com,Male,97.27.254.141
247,Norma,Martin,nmartin6u@mail.ru,Female,66.48.14.124
248,Joshua,Walker,jwalker6v@unblog.fr,Male,112.57.177.29
249,Brenda,Bailey,bbailey6w@microsoft.com,Female,204.239.223.172
250,Ruth,Banks,rbanks6x@bluehost.com,Female,108.205.31.43
251,Sean,Holmes,sholmes6y@hp.com,Male,51.225.204.158
252,Pamela,Willis,pwillis6z@fc2.com,Female,149.202.165.213
253,Dennis,Robertson,drobertson70@fotki.com,Male,255.72.205.243
254,Jane,Kelley,jkelley71@storify.com,Female,128.0.172.104
255,Randy,Burton,rburton72@wsj.com,Male,207.57.89.161
256,Michael,Pierce,mpierce73@geocities.jp,Male,71.220.215.42
257,David,Tucker,dtucker74@deviantart.com,Male,227.129.216.127
258,Maria,Washington,mwashington75@jimdo.com,Female,51.38.138.142
259,Henry,Jacobs,hjacobs76@slideshare.net,Male,58.204.240.98
260,Billy,Boyd,bboyd77@msu.edu,Male,206.152.92.37
261,William,Armstrong,warmstrong78@marriott.com,Male,72.143.98.29
262,Mary,Martinez,mmartinez79@simplemachines.org,Female,28.98.165.162
263,Martin,Bradley,mbradley7a@fda.gov,Male,225.138.138.161
264,Lisa,Fuller,lfuller7b@bbc.co.uk,Female,211.67.176.188
265,Melissa,Harris,mharris7c@smugmug.com,Female,82.48.157.193
266,Jane,Carr,jcarr7d@mtv.com,Female,23.180.200.180
267,Keith,White,kwhite7e@flavors.me,Male,30.177.28.105
268,Philip,Hawkins,phawkins7f@boston.com,Male,31.142.49.217
269,Judy,Holmes,jholmes7g@typepad.com,Female,185.166.210.58
270,William,Hansen,whansen7h@t.co,Male,80.19.223.134
271,Matthew,Palmer,mpalmer7i@exblog.jp,Male,119.227.155.158
272,Nicole,Nguyen,nnguyen7j@addtoany.com,Female,247.119.173.202
273,Lillian,Russell,lrussell7k@dailymotion.com,Female,78.76.138.215
274,Matthew,Castillo,mcastillo7l@fema.gov,Male,12.40.18.40
275,Jane,Wells,jwells7m@discuz.net,Female,75.190.8.29
276,Jane,Wilson,jwilson7n@goo.ne.jp,Female,232.25.112.92
277,Brenda,Peterson,bpeterson7o@1688.com,Female,154.6.236.60
278,Randy,Spencer,rspencer7p@globo.com,Male,1.41.166.230
279,Douglas,Russell,drussell7q@free.fr,Male,74.236.235.163
280,Denise,Cooper,dcooper7r@techcrunch.com,Female,161.93.150.192
281,Sean,Campbell,scampbell7s@tinyurl.com,Male,107.84.229.2
282,Diana,Miller,dmiller7t@fema.gov,Female,83.159.0.28
283,Henry,Young,hyoung7u@google.it,Male,167.21.34.151
284,Joyce,Shaw,jshaw7v@weebly.com,Female,202.4.174.51
285,Kevin,Weaver,kweaver7w@upenn.edu,Male,160.65.181.188
286,Jessica,Hernandez,jhernandez7x@wikispaces.com,Female,79.114.30.241
287,Sean,Burton,sburton7y@msu.edu,Male,69.144.188.15
288,Victor,Nichols,vnichols7z@go.com,Male,111.128.32.161
289,Steven,Garcia,sgarcia80@uol.com.br,Male,69.167.163.167
290,Adam,Simmons,asimmons81@unesco.org,Male,13.41.246.99
291,Jean,Martinez,jmartinez82@mozilla.com,Female,123.86.108.17
292,Jose,Bradley,jbradley83@loc.gov,Male,105.90.249.251
293,Theresa,Lane,tlane84@ox.ac.uk,Female,246.255.37.238
294,Dorothy,Kelly,dkelly85@dropbox.com,Female,50.186.76.107
295,Alan,Fields,afields86@mozilla.org,Male,146.190.237.193
296,Deborah,Young,dyoung87@histats.com,Female,251.107.86.78
297,Mark,Morrison,mmorrison88@multiply.com,Male,74.124.85.0
298,John,Gomez,jgomez89@quantcast.com,Male,154.126.0.137
299,Paula,Ortiz,portiz8a@pen.io,Female,114.62.4.136
300,Randy,Spencer,rspencer8b@cdc.gov,Male,10.188.123.213
301,Bruce,Mcdonald,bmcdonald8c@google.com,Male,100.25.98.219
302,Juan,Walker,jwalker8d@infoseek.co.jp,Male,208.201.133.33
303,John,Hudson,jhudson8e@netvibes.com,Male,41.63.237.133
304,Aaron,Sanders,asanders8f@unicef.org,Male,105.146.112.219
305,Jesse,Sanders,jsanders8g@mashable.com,Male,213.14.240.231
306,Chris,Fisher,cfisher8h@bbc.co.uk,Male,51.91.61.152
307,Karen,Cox,kcox8i@symantec.com,Female,105.206.187.119
308,Lillian,Burton,lburton8j@constantcontact.com,Female,105.124.204.40
309,Gregory,Bowman,gbowman8k@statcounter.com,Male,126.22.134.122
310,Bruce,Stewart,bstewart8l@businesswire.com,Male,160.49.155.35
311,Jean,Payne,jpayne8m@xinhuanet.com,Female,2.86.217.204
312,Michelle,Stephens,mstephens8n@deliciousdays.com,Female,56.87.112.186
313,Nicholas,Carr,ncarr8o@constantcontact.com,Male,6.106.187.20
314,Jessica,Alvarez,jalvarez8p@aol.com,Female,200.106.55.162
315,Margaret,Phillips,mphillips8q@yellowpages.com,Female,147.58.55.221
316,Jerry,Carroll,jcarroll8r@flickr.com,Male,40.114.194.184
317,Matthew,Bradley,mbradley8s@typepad.com,Male,107.24.71.146
318,Ryan,Austin,raustin8t@imdb.com,Male,215.49.132.147
319,Virginia,Banks,vbanks8u@issuu.com,Female,20.136.24.195
320,Chris,Tucker,ctucker8v@zdnet.com,Male,100.114.143.26
321,Alan,Andrews,aandrews8w@forbes.com,Male,130.68.225.122
322,Justin,Banks,jbanks8x@hostgator.com,Male,214.218.14.213
323,Jose,Cruz,jcruz8y@usgs.gov,Male,36.143.1.125
324,Paula,Rice,price8z@cnet.com,Female,23.4.12.27
325,Katherine,Hanson,khanson90@blogtalkradio.com,Female,143.143.163.111
326,Adam,Mcdonald,amcdonald91@chicagotribune.com,Male,5.70.23.63
327,Jacqueline,Price,jprice92@google.de,Female,97.169.85.143
328,Arthur,West,awest93@tuttocitta.it,Male,63.231.136.125
329,Philip,Ford,pford94@icio.us,Male,170.251.183.242
330,Stephen,Garcia,sgarcia95@cisco.com,Male,141.56.245.230
331,Jack,Ray,jray96@rakuten.co.jp,Male,114.19.229.220
332,Marie,Romero,mromero97@paypal.com,Female,66.46.43.141
333,Catherine,Morgan,cmorgan98@java.com,Female,85.38.163.28
334,Jonathan,Stone,jstone99@nymag.com,Male,153.8.221.10
335,Juan,Gibson,jgibson9a@multiply.com,Male,177.66.159.3
336,Jacqueline,Ramos,jramos9b@slideshare.net,Female,155.209.142.88
337,Tina,Butler,tbutler9c@thetimes.co.uk,Female,225.232.241.35
338,Sean,Murray,smurray9d@g.co,Male,190.83.209.115
339,Shawn,Collins,scollins9e@google.nl,Male,88.211.89.156
340,Robert,Lawrence,rlawrence9f@bizjournals.com,Male,236.82.61.151
341,Nicole,Vasquez,nvasquez9g@technorati.com,Female,124.31.192.113
342,Bobby,Howard,bhoward9h@networksolutions.com,Male,143.151.188.50
343,Tina,Murphy,tmurphy9i@foxnews.com,Female,164.241.48.68
344,Billy,Rose,brose9j@tumblr.com,Male,159.137.244.4
345,Wanda,Cox,wcox9k@tripadvisor.com,Female,115.145.150.129
346,Robin,Butler,rbutler9l@sitemeter.com,Female,176.162.253.3
347,Donald,Morales,dmorales9m@jugem.jp,Male,75.80.33.202
348,Raymond,Flores,rflores9n@geocities.jp,Male,143.75.153.138
349,Margaret,Grant,mgrant9o@ox.ac.uk,Female,25.176.69.55
350,Willie,Garrett,wgarrett9p@yelp.com,Male,36.246.50.180
351,Harry,Fernandez,hfernandez9q@dailymotion.com,Male,199.214.156.128
352,Kevin,Banks,kbanks9r@businessweek.com,Male,224.12.27.255
353,Louise,Bailey,lbailey9s@ucoz.ru,Female,183.127.71.195
354,Christopher,Johnson,cjohnson9t@prlog.org,Male,193.208.108.51
355,Kathryn,Gonzales,kgonzales9u@oakley.com,Female,221.227.101.92
356,Jesse,Hansen,jhansen9v@vinaora.com,Male,143.240.242.68
357,Raymond,Andrews,randrews9w@wikispaces.com,Male,124.220.213.134
358,Catherine,Lane,clane9x@toplist.cz,Female,227.71.152.16
359,Timothy,Larson,tlarson9y@ow.ly,Male,131.78.69.102
360,Aaron,Watkins,awatkins9z@geocities.jp,Male,35.218.185.222
361,Jason,Parker,jparkera0@woothemes.com,Male,129.218.135.51
362,Christina,Thomas,cthomasa1@csmonitor.com,Female,47.127.252.108
363,Ann,Woods,awoodsa2@eepurl.com,Female,218.158.252.187
364,Marie,Parker,mparkera3@4shared.com,Female,78.11.141.140
365,Robert,Lopez,rlopeza4@theatlantic.com,Male,8.115.70.144
366,William,Crawford,wcrawforda5@ehow.com,Male,250.114.32.168
367,Marilyn,Tucker,mtuckera6@salon.com,Female,185.94.97.144
368,Peter,Arnold,parnolda7@furl.net,Male,152.55.35.69
369,Larry,Hughes,lhughesa8@omniture.com,Male,109.128.61.19
370,Nicole,Wells,nwellsa9@senate.gov,Female,54.64.113.70
371,Aaron,Williams,awilliamsaa@vimeo.com,Male,21.99.209.214
372,Craig,Richardson,crichardsonab@microsoft.com,Male,135.41.121.145
373,Roger,Spencer,rspencerac@wordpress.org,Male,171.210.157.30
374,Ruby,George,rgeorgead@typepad.com,Female,29.164.159.152
375,Gary,Peterson,gpetersonae@blinklist.com,Male,148.93.35.135
376,Dorothy,George,dgeorgeaf@msn.com,Female,118.17.154.187
377,Phillip,Franklin,pfranklinag@google.fr,Male,134.70.60.182
378,Ann,Gardner,agardnerah@instagram.com,Female,85.93.199.186
379,Terry,Baker,tbakerai@ning.com,Male,92.245.12.71
380,Ernest,Nelson,enelsonaj@telegraph.co.uk,Male,225.42.205.232
381,Brandon,Gutierrez,bgutierrezak@shinystat.com,Male,55.187.91.226
382,Betty,King,bkingal@go.com,Female,53.13.20.24
383,Betty,King,bkingam@privacy.gov.au,Female,118.230.195.206
384,Philip,Rodriguez,prodriguezan@cbslocal.com,Male,9.247.96.107
385,Scott,Johnson,sjohnsonao@google.co.uk,Male,48.10.129.28
386,Frank,Hunter,fhunterap@delicious.com,Male,10.56.182.219
387,Rachel,Garza,rgarzaaq@squidoo.com,Female,141.24.197.75
388,Juan,Payne,jpaynear@youtu.be,Male,200.9.70.76
389,Janet,Young,jyoungas@blinklist.com,Female,139.87.70.226
390,Anthony,Schmidt,aschmidtat@storify.com,Male,153.122.130.153
391,Jason,Dixon,jdixonau@w3.org,Male,89.102.246.50
392,Annie,Jordan,ajordanav@zimbio.com,Female,119.103.105.227
393,Julie,Lane,jlaneaw@altervista.org,Female,65.149.110.39
394,Stephanie,Morris,smorrisax@berkeley.edu,Female,4.119.243.49
395,Ronald,Ellis,rellisay@skype.com,Male,79.43.40.244
396,Mildred,Sullivan,msullivanaz@zimbio.com,Female,189.66.149.27
397,Mary,Ramirez,mramirezb0@symantec.com,Female,153.38.177.170
398,Teresa,Ford,tfordb1@facebook.com,Female,82.190.17.94
399,Scott,Fisher,sfisherb2@purevolume.com,Male,46.227.145.87
400,Frances,Stephens,fstephensb3@livejournal.com,Female,201.145.252.55
401,Jean,Rogers,jrogersb4@domainmarket.com,Female,229.212.144.66
402,Sharon,Palmer,spalmerb5@illinois.edu,Female,61.178.199.163
403,Joshua,George,jgeorgeb6@wp.com,Male,174.220.44.51
404,Michael,Sanders,msandersb7@amazon.co.jp,Male,77.183.219.118
405,Diane,Gonzales,dgonzalesb8@auda.org.au,Female,79.119.249.139
406,Judy,Elliott,jelliottb9@techcrunch.com,Female,216.210.97.65
407,Jason,Richardson,jrichardsonba@tumblr.com,Male,29.176.69.150
408,Jerry,Collins,jcollinsbb@i2i.jp,Male,84.85.242.250
409,Emily,Howard,ehowardbc@netvibes.com,Female,143.231.28.190
410,Jane,Gordon,jgordonbd@jigsy.com,Female,21.244.16.132
411,Terry,Warren,twarrenbe@weebly.com,Male,218.35.225.149
412,Jose,Hunt,jhuntbf@opensource.org,Male,20.72.202.179
413,Marie,Woods,mwoodsbg@umich.edu,Female,163.17.41.166
414,Mildred,Crawford,mcrawfordbh@wix.com,Female,175.167.233.242
415,Patrick,Hernandez,phernandezbi@nbcnews.com,Male,161.206.162.33
416,Stephanie,Simmons,ssimmonsbj@so-net.ne.jp,Female,218.212.21.163
417,Arthur,Rivera,ariverabk@chronoengine.com,Male,224.101.166.174
418,Andrew,Snyder,asnyderbl@state.tx.us,Male,124.120.152.7
419,Howard,Peters,hpetersbm@shutterfly.com,Male,233.88.230.71
420,Henry,Mitchell,hmitchellbn@icq.com,Male,173.188.246.79
421,Benjamin,Evans,bevansbo@nymag.com,Male,25.144.41.250
422,Ruby,Alexander,ralexanderbp@bbc.co.uk,Female,56.93.195.45
423,Nicole,Daniels,ndanielsbq@ebay.com,Female,23.125.85.48
424,Janet,Richardson,jrichardsonbr@ted.com,Female,219.34.96.36
425,Joseph,Marshall,jmarshallbs@marketwatch.com,Male,125.35.44.14
426,Joan,Garrett,jgarrettbt@nps.gov,Female,47.225.212.223
427,Lisa,Nichols,lnicholsbu@java.com,Female,158.74.134.152
428,Evelyn,Mcdonald,emcdonaldbv@squarespace.com,Female,189.166.90.101
429,Ronald,Alexander,ralexanderbw@walmart.com,Male,51.97.89.52
430,Jimmy,Sims,jsimsbx@youtu.be,Male,53.127.210.230
431,Patrick,Chavez,pchavezby@virginia.edu,Male,241.244.139.191
432,Kelly,Walker,kwalkerbz@simplemachines.org,Female,133.70.54.89
433,Lori,Ortiz,lortizc0@wired.com,Female,58.211.207.151
434,Dorothy,Jacobs,djacobsc1@un.org,Female,108.3.166.246
435,Jason,Elliott,jelliottc2@wordpress.org,Male,195.171.247.242
436,Bonnie,Cook,bcookc3@latimes.com,Female,10.55.83.90
437,Eric,Lee,eleec4@joomla.org,Male,21.206.252.67
438,Julie,Woods,jwoodsc5@about.me,Female,216.104.148.64
439,Mildred,Bennett,mbennettc6@google.com.hk,Female,170.165.175.47
440,Carlos,Adams,cadamsc7@nsw.gov.au,Male,120.110.16.74
441,Emily,Porter,eporterc8@indiatimes.com,Female,176.42.254.192
442,Robin,Lopez,rlopezc9@nsw.gov.au,Female,25.185.100.158
443,Michael,Ellis,mellisca@people.com.cn,Male,42.22.125.75
444,Arthur,Tucker,atuckercb@sohu.com,Male,245.50.25.38
445,Marie,Lewis,mlewiscc@cornell.edu,Female,98.209.22.221
446,Philip,Carr,pcarrcd@psu.edu,Male,206.128.181.38
447,Jane,Stanley,jstanleyce@pagesperso-orange.fr,Female,101.63.126.210
448,Fred,Simpson,fsimpsoncf@free.fr,Male,104.119.32.139
449,Howard,Weaver,hweavercg@telegraph.co.uk,Male,162.133.85.242
450,Stephen,Lewis,slewisch@xinhuanet.com,Male,45.167.5.100
451,Louis,Jackson,ljacksonci@list-manage.com,Male,25.115.20.85
452,Jeremy,Gonzalez,jgonzalezcj@friendfeed.com,Male,189.210.65.70
453,Cheryl,Marshall,cmarshallck@twitpic.com,Female,24.39.132.93
454,Michael,Myers,mmyerscl@linkedin.com,Male,14.147.113.202
455,Teresa,James,tjamescm@businessweek.com,Female,47.1.38.45
456,Barbara,Hamilton,bhamiltoncn@cocolog-nifty.com,Female,234.16.218.70
457,Phillip,Perry,pperryco@youtu.be,Male,205.72.161.232
458,Annie,Collins,acollinscp@imdb.com,Female,93.34.64.105
459,Sean,Henderson,shendersoncq@desdev.cn,Male,57.117.158.80
460,Annie,Burns,aburnscr@joomla.org,Female,107.79.87.58
461,John,Evans,jevanscs@accuweather.com,Male,47.103.106.221
462,Jean,Cruz,jcruzct@altervista.org,Female,102.38.84.226
463,Terry,Montgomery,tmontgomerycu@dedecms.com,Male,141.74.201.122
464,Teresa,Turner,tturnercv@shop-pro.jp,Female,16.180.148.152
465,Kathryn,Spencer,kspencercw@nih.gov,Female,7.241.70.17
466,Christopher,Ward,cwardcx@storify.com,Male,247.98.213.52
467,Andrew,Dixon,adixoncy@bravesites.com,Male,248.117.28.177
468,Kathleen,Price,kpricecz@amazonaws.com,Female,5.251.40.8
469,Doris,Payne,dpayned0@elpais.com,Female,25.228.226.155
470,Peter,Patterson,ppattersond1@trellian.com,Male,73.82.99.132
471,Rachel,Meyer,rmeyerd2@photobucket.com,Female,91.25.42.50
472,Louise,Stevens,lstevensd3@apache.org,Female,47.249.52.87
473,Russell,Johnson,rjohnsond4@apple.com,Male,84.87.10.52
474,Todd,Moreno,tmorenod5@ameblo.jp,Male,67.228.181.155
475,Brandon,Pierce,bpierced6@w3.org,Male,67.80.175.156
476,Susan,Stevens,sstevensd7@ftc.gov,Female,166.195.166.238
477,Louis,Freeman,lfreemand8@wikia.com,Male,6.214.13.226
478,Mark,Thomas,mthomasd9@dailymotion.com,Male,175.237.71.158
479,Ernest,Stewart,estewartda@topsy.com,Male,205.35.170.153
480,Annie,Henderson,ahendersondb@pcworld.com,Female,64.29.205.66
481,Ronald,Baker,rbakerdc@ovh.net,Male,139.84.225.55
482,Norma,Gutierrez,ngutierrezdd@about.com,Female,108.131.144.245
483,Jason,Peterson,jpetersonde@hugedomains.com,Male,178.97.8.0
484,Anna,Dean,adeandf@digg.com,Female,84.200.48.1
485,Maria,Burns,mburnsdg@scribd.com,Female,59.46.133.55
486,Ashley,Gomez,agomezdh@flavors.me,Female,129.174.228.18
487,Kenneth,Morris,kmorrisdi@mac.com,Male,243.83.182.138
488,Ashley,Austin,aaustindj@squidoo.com,Female,94.53.176.196
489,Mildred,Turner,mturnerdk@vimeo.com,Female,72.75.14.142
490,Emily,Palmer,epalmerdl@delicious.com,Female,38.218.53.254
491,Patrick,Watkins,pwatkinsdm@aboutads.info,Male,12.158.174.61
492,Carol,Henry,chenrydn@quantcast.com,Female,15.186.221.65
493,Todd,Mcdonald,tmcdonalddo@4shared.com,Male,0.7.255.11
494,Joan,Reed,jreeddp@tripod.com,Female,40.190.25.12
495,Cynthia,Rodriguez,crodriguezdq@bravesites.com,Female,50.138.218.80
496,Denise,Gardner,dgardnerdr@biglobe.ne.jp,Female,192.200.205.247
497,Margaret,Meyer,mmeyerds@jiathis.com,Female,202.60.227.230
498,Ashley,Richards,arichardsdt@photobucket.com,Female,199.167.175.207
499,Michelle,Dean,mdeandu@opensource.org,Female,177.163.215.114
500,Keith,Chavez,kchavezdv@go.com,Male,58.247.76.134
501,Scott,Gonzalez,sgonzalezdw@gov.uk,Male,255.24.111.246
502,Anne,Hall,ahalldx@dot.gov,Female,97.209.168.146
503,Donald,Simpson,dsimpsondy@examiner.com,Male,10.82.84.56
504,Emily,Cruz,ecruzdz@intel.com,Female,39.1.247.31
505,Christine,Tucker,ctuckere0@google.ca,Female,11.173.98.99
506,Frances,Williams,fwilliamse1@zimbio.com,Female,141.174.30.109
507,Shirley,Burton,sburtone2@msu.edu,Female,65.175.18.252
508,Linda,Stewart,lstewarte3@shutterfly.com,Female,76.9.55.59
509,Gary,Moore,gmooree4@pbs.org,Male,187.101.188.221
510,Chris,Martin,cmartine5@cyberchimps.com,Male,72.96.21.235
511,Virginia,Rivera,vriverae6@xinhuanet.com,Female,131.20.49.108
512,Billy,Daniels,bdanielse7@latimes.com,Male,47.32.87.134
513,Melissa,Parker,mparkere8@omniture.com,Female,204.12.87.49
514,Denise,Bailey,dbaileye9@qq.com,Female,17.127.6.211
515,Patrick,Wood,pwoodea@surveymonkey.com,Male,185.231.77.240
516,Paul,Simpson,psimpsoneb@purevolume.com,Male,40.155.159.50
517,Heather,Pierce,hpierceec@geocities.jp,Female,211.156.138.85
518,Nancy,Chapman,nchapmaned@cdbaby.com,Female,85.204.129.255
519,Ernest,Banks,ebanksee@unblog.fr,Male,97.137.150.30
520,Sarah,Tucker,stuckeref@msn.com,Female,91.91.226.9
521,Karen,Lawson,klawsoneg@wikipedia.org,Female,103.220.145.252
522,Patricia,Hansen,phanseneh@over-blog.com,Female,9.211.227.58
523,Robin,Hill,rhillei@blogspot.com,Female,70.46.154.127
524,Cynthia,Willis,cwillisej@macromedia.com,Female,208.170.82.138
525,Irene,Henderson,ihendersonek@seesaa.net,Female,139.18.150.163
526,Joe,Wilson,jwilsonel@army.mil,Male,124.30.59.124
527,Bruce,Morrison,bmorrisonem@omniture.com,Male,249.231.163.108
528,Doris,Lewis,dlewisen@skype.com,Female,84.200.75.52
529,Shirley,Nelson,snelsoneo@craigslist.org,Female,142.139.3.228
530,Helen,Robertson,hrobertsonep@tumblr.com,Female,43.46.243.203
531,Jose,Howard,jhowardeq@weebly.com,Male,170.171.181.162
532,David,Elliott,delliotter@flavors.me,Male,20.0.197.167
533,Ralph,Wagner,rwagneres@edublogs.org,Male,33.209.232.83
534,Emily,Grant,egrantet@va.gov,Female,117.221.181.155
535,Julie,Nguyen,jnguyeneu@ustream.tv,Female,207.187.32.217
536,Marie,Perez,mperezev@360.cn,Female,234.3.199.127
537,Harry,Stone,hstoneew@google.nl,Male,133.245.158.69
538,Carolyn,Robinson,crobinsonex@t-online.de,Female,179.148.55.142
539,Elizabeth,Richards,erichardsey@examiner.com,Female,49.45.182.227
540,Brandon,Ross,brossez@newsvine.com,Male,72.9.51.192
541,Janice,Lynch,jlynchf0@google.com,Female,96.106.83.234
542,Tina,Myers,tmyersf1@networkadvertising.org,Female,192.74.55.13
543,Robert,Hunter,rhunterf2@devhub.com,Male,137.252.158.97
544,George,Henderson,ghendersonf3@diigo.com,Male,0.25.198.211
545,William,Webb,wwebbf4@addtoany.com,Male,210.91.45.172
546,Paul,Hernandez,phernandezf5@npr.org,Male,254.229.106.220
547,Antonio,Freeman,afreemanf6@latimes.com,Male,127.150.40.172
548,Patricia,Duncan,pduncanf7@cam.ac.uk,Female,21.55.47.33
549,Alice,Harper,aharperf8@columbia.edu,Female,114.9.255.94
550,Amanda,Crawford,acrawfordf9@spotify.com,Female,159.145.87.52
551,Julie,Howard,jhowardfa@noaa.gov,Female,53.146.2.124
552,Laura,Hunter,lhunterfb@auda.org.au,Female,127.82.5.69
553,Jeremy,Greene,jgreenefc@opera.com,Male,215.180.40.250
554,Alice,Carter,acarterfd@usatoday.com,Female,202.217.152.203
555,Howard,Butler,hbutlerfe@about.com,Male,199.0.61.244
556,Lois,Harper,lharperff@abc.net.au,Female,206.54.59.101
557,Ryan,Clark,rclarkfg@fda.gov,Male,142.206.190.164
558,Judith,Davis,jdavisfh@goo.gl,Female,45.255.97.184
559,Doris,Harrison,dharrisonfi@cnbc.com,Female,192.203.125.162
560,Debra,Grant,dgrantfj@mac.com,Female,171.128.22.157
561,Helen,George,hgeorgefk@rediff.com,Female,224.146.106.89
562,Ashley,Berry,aberryfl@vk.com,Female,155.44.117.54
563,Ruby,Martin,rmartinfm@people.com.cn,Female,175.136.106.101
564,Lisa,Fisher,lfisherfn@discuz.net,Female,32.253.192.121
565,Tammy,Scott,tscottfo@sina.com.cn,Female,15.135.107.51
566,David,Shaw,dshawfp@reference.com,Male,88.111.125.115
567,Aaron,Harris,aharrisfq@rambler.ru,Male,83.123.111.219
568,Rose,Taylor,rtaylorfr@nhs.uk,Female,106.129.255.120
569,Eugene,Burke,eburkefs@dagondesign.com,Male,243.128.142.111
570,Kathryn,Walker,kwalkerft@craigslist.org,Female,102.30.107.188
571,Janet,Sullivan,jsullivanfu@imageshack.us,Female,27.41.176.177
572,Antonio,Williams,awilliamsfv@cpanel.net,Male,143.61.211.29
573,Judith,Wells,jwellsfw@salon.com,Female,76.49.105.184
574,Kenneth,Stephens,kstephensfx@google.es,Male,235.68.48.65
575,Margaret,Gilbert,mgilbertfy@miibeian.gov.cn,Female,86.131.237.189
576,Tammy,Butler,tbutlerfz@upenn.edu,Female,216.43.225.38
577,Teresa,Perez,tperezg0@joomla.org,Female,73.184.215.0
578,Ruby,Campbell,rcampbellg1@google.fr,Female,41.27.187.46
579,Eugene,Adams,eadamsg2@npr.org,Male,140.182.53.61
580,Jessica,Owens,jowensg3@weibo.com,Female,9.244.169.55
581,Gregory,Wheeler,gwheelerg4@usatoday.com,Male,104.142.228.86
582,Kathryn,Turner,kturnerg5@yellowbook.com,Female,30.199.66.120
583,Jonathan,Armstrong,jarmstrongg6@altervista.org,Male,50.148.102.104
584,Nicole,Duncan,nduncang7@omniture.com,Female,58.109.170.232
585,Ashley,Gilbert,agilbertg8@oracle.com,Female,84.104.68.85
586,Anna,Reyes,areyesg9@sakura.ne.jp,Female,237.107.139.20
587,Jerry,Hill,jhillga@geocities.jp,Male,102.94.118.47
588,Patricia,Mills,pmillsgb@state.tx.us,Female,180.70.61.34
589,Gloria,Dixon,gdixongc@narod.ru,Female,229.173.60.198
590,Billy,Long,blonggd@sphinn.com,Male,85.5.137.66
591,John,Perry,jperryge@shutterfly.com,Male,198.150.38.168
592,Sandra,Weaver,sweavergf@sitemeter.com,Female,82.40.143.68
593,Roy,Kim,rkimgg@php.net,Male,98.218.39.98
594,Betty,Rogers,brogersgh@multiply.com,Female,74.188.184.243
595,Mark,Harris,mharrisgi@typepad.com,Male,232.176.170.146
596,Edward,Rogers,erogersgj@vkontakte.ru,Male,26.201.45.185
597,George,Stanley,gstanleygk@hatena.ne.jp,Male,166.106.43.115
598,Melissa,Sims,msimsgl@chicagotribune.com,Female,159.45.180.29
599,Frank,Mcdonald,fmcdonaldgm@t.co,Male,189.197.149.127
600,Julia,Warren,jwarrengn@pcworld.com,Female,229.243.64.1
601,Steve,Wheeler,swheelergo@vkontakte.ru,Male,92.151.248.85
602,Earl,Fields,efieldsgp@ocn.ne.jp,Male,213.129.202.82
603,Edward,Bowman,ebowmangq@nymag.com,Male,82.83.99.69
604,Deborah,Bowman,dbowmangr@nasa.gov,Female,126.38.52.12
605,Julia,Perkins,jperkinsgs@google.com.au,Female,72.30.63.186
606,Gloria,Kelley,gkelleygt@yellowpages.com,Female,38.216.107.154
607,Jason,Medina,jmedinagu@github.com,Male,151.1.60.157
608,Keith,Woods,kwoodsgv@hao123.com,Male,238.70.65.79
609,Peter,Pierce,ppiercegw@dailymail.co.uk,Male,229.97.94.32
610,Joe,Stewart,jstewartgx@bbb.org,Male,209.44.43.74
611,Walter,Hill,whillgy@surveymonkey.com,Male,246.181.115.48
612,Jimmy,Olson,jolsongz@ebay.com,Male,204.182.227.93
613,Ryan,Reynolds,rreynoldsh0@paypal.com,Male,158.99.156.255
614,Sean,Morales,smoralesh1@usnews.com,Male,31.114.75.116
615,Annie,Martin,amartinh2@domainmarket.com,Female,219.189.120.58
616,Andrea,Russell,arussellh3@nps.gov,Female,230.17.245.163
617,Carl,Watkins,cwatkinsh4@sphinn.com,Male,252.129.23.96
618,Amy,Chapman,achapmanh5@census.gov,Female,97.41.14.98
619,Elizabeth,Taylor,etaylorh6@trellian.com,Female,45.237.236.59
620,Jerry,Morgan,jmorganh7@opensource.org,Male,124.255.20.128
621,Jason,Morrison,jmorrisonh8@time.com,Male,182.179.113.48
622,Nicholas,Lopez,nlopezh9@noaa.gov,Male,161.254.1.137
623,Randy,Diaz,rdiazha@weibo.com,Male,134.154.235.79
624,Matthew,Scott,mscotthb@sina.com.cn,Male,240.221.23.23
625,Willie,Richards,wrichardshc@tripadvisor.com,Male,246.252.30.197
626,Todd,Schmidt,tschmidthd@vistaprint.com,Male,59.85.60.255
627,Kenneth,Perry,kperryhe@webeden.co.uk,Male,234.49.150.36
628,Victor,Alexander,valexanderhf@google.com.hk,Male,113.93.215.17
629,Eric,Stevens,estevenshg@is.gd,Male,52.173.142.204
630,Ernest,Harris,eharrishh@gravatar.com,Male,246.0.188.94
631,Russell,Jones,rjoneshi@gravatar.com,Male,208.48.130.15
632,Bruce,Diaz,bdiazhj@themeforest.net,Male,248.9.24.56
633,Deborah,Lynch,dlynchhk@devhub.com,Female,50.54.117.232
634,Ronald,Rodriguez,rrodriguezhl@addthis.com,Male,108.12.193.201
635,Jacqueline,Hudson,jhudsonhm@mac.com,Female,167.131.143.8
636,Annie,Rose,arosehn@answers.com,Female,166.35.250.109
637,Norma,Gilbert,ngilbertho@time.com,Female,85.107.204.90
638,Janet,Nguyen,jnguyenhp@rambler.ru,Female,5.237.27.171
639,Beverly,Patterson,bpattersonhq@google.co.jp,Female,163.249.82.235
640,Billy,Ruiz,bruizhr@mysql.com,Male,249.245.86.153
641,Jeffrey,Burke,jburkehs@blog.com,Male,84.217.182.174
642,Annie,Cunningham,acunninghamht@foxnews.com,Female,0.245.226.101
643,Judith,Little,jlittlehu@webnode.com,Female,201.18.93.101
644,Scott,Willis,swillishv@guardian.co.uk,Male,1.195.159.173
645,Todd,Foster,tfosterhw@parallels.com,Male,135.139.147.90
646,Edward,Flores,efloreshx@issuu.com,Male,118.47.248.101
647,Lori,Dean,ldeanhy@soundcloud.com,Female,247.4.230.167
648,Andrew,Harrison,aharrisonhz@w3.org,Male,101.156.232.182
649,Steve,Simpson,ssimpsoni0@studiopress.com,Male,176.18.12.113
650,Chris,Hall,challi1@spotify.com,Male,109.51.249.211
651,Janice,Alexander,jalexanderi2@guardian.co.uk,Female,219.73.142.197
652,Theresa,Cruz,tcruzi3@hud.gov,Female,174.197.56.137
653,Helen,Mendoza,hmendozai4@g.co,Female,233.249.236.63
654,Daniel,Garcia,dgarciai5@sciencedirect.com,Male,5.9.233.107
655,Lillian,Flores,lfloresi6@newyorker.com,Female,195.91.158.163
656,William,Cooper,wcooperi7@mysql.com,Male,179.145.85.100
657,Wayne,Ramos,wramosi8@dyndns.org,Male,238.177.249.200
658,Gloria,Perry,gperryi9@slideshare.net,Female,119.225.183.144
659,Ann,Castillo,acastilloia@exblog.jp,Female,57.239.115.48
660,Phillip,Adams,padamsib@domainmarket.com,Male,50.47.224.119
661,Mildred,Ruiz,mruizic@chron.com,Female,196.31.232.15
662,Timothy,Dixon,tdixonid@telegraph.co.uk,Male,50.186.247.207
663,Norma,Owens,nowensie@ebay.com,Female,229.191.121.88
664,Ashley,Rogers,arogersif@psu.edu,Female,103.249.76.120
665,Mark,Diaz,mdiazig@1688.com,Male,152.100.229.196
666,Kimberly,Peterson,kpetersonih@myspace.com,Female,239.97.137.12
667,Nancy,Perry,nperryii@paypal.com,Female,189.113.149.99
668,Beverly,Garrett,bgarrettij@barnesandnoble.com,Female,176.77.205.58
669,Gloria,Perez,gperezik@springer.com,Female,184.0.198.178
670,Donald,Cooper,dcooperil@rambler.ru,Male,16.216.101.183
671,George,Murphy,gmurphyim@live.com,Male,173.59.152.236
672,Kathy,Lee,kleein@reuters.com,Female,67.136.156.46
673,Rose,Lopez,rlopezio@businesswire.com,Female,183.209.176.178
674,Howard,Coleman,hcolemanip@weather.com,Male,43.35.158.197
675,Theresa,Armstrong,tarmstrongiq@creativecommons.org,Female,107.116.178.76
676,Gregory,Ryan,gryanir@ted.com,Male,197.94.161.88
677,Gloria,Morrison,gmorrisonis@friendfeed.com,Female,252.101.45.29
678,David,Johnson,djohnsonit@dyndns.org,Male,214.154.131.10
679,Andrew,Thomas,athomasiu@mozilla.org,Male,1.147.76.219
680,Anthony,Torres,atorresiv@acquirethisname.com,Male,101.223.101.167
681,Robin,Vasquez,rvasqueziw@themeforest.net,Female,36.127.164.37
682,Catherine,Johnston,cjohnstonix@timesonline.co.uk,Female,16.22.242.104
683,Andrea,Mcdonald,amcdonaldiy@photobucket.com,Female,238.3.169.34
684,Michael,Diaz,mdiaziz@google.fr,Male,176.20.179.138
685,Randy,Marshall,rmarshallj0@slate.com,Male,60.187.152.76
686,Lawrence,Nichols,lnicholsj1@google.fr,Male,110.6.173.167
687,Bruce,Taylor,btaylorj2@google.de,Male,207.103.107.111
688,Jean,Willis,jwillisj3@i2i.jp,Female,170.146.93.254
689,Janice,Berry,jberryj4@slideshare.net,Female,28.188.230.235
690,Phillip,Gibson,pgibsonj5@gnu.org,Male,30.142.24.88
691,Kenneth,Sanchez,ksanchezj6@dell.com,Male,187.86.164.178
692,Joan,Mcdonald,jmcdonaldj7@slate.com,Female,12.190.131.168
693,John,Kelley,jkelleyj8@google.com.br,Male,140.216.4.195
694,Kathryn,Cox,kcoxj9@cisco.com,Female,131.33.159.116
695,Lawrence,Hicks,lhicksja@furl.net,Male,112.45.193.122
696,Janice,Watkins,jwatkinsjb@discuz.net,Female,108.210.243.166
697,Walter,Gardner,wgardnerjc@macromedia.com,Male,181.5.227.28
698,Earl,Wells,ewellsjd@liveinternet.ru,Male,172.234.17.197
699,Harold,Wright,hwrightje@bandcamp.com,Male,57.247.56.163
700,Raymond,Webb,rwebbjf@instagram.com,Male,185.210.133.63
701,Gloria,Matthews,gmatthewsjg@histats.com,Female,230.171.253.178
702,Mildred,Fox,mfoxjh@a8.net,Female,99.33.196.165
703,Aaron,Morales,amoralesji@posterous.com,Male,104.184.222.224
704,Angela,Armstrong,aarmstrongjj@dion.ne.jp,Female,52.48.30.85
705,Anthony,Perez,aperezjk@jalbum.net,Male,76.26.240.244
706,Gary,Bradley,gbradleyjl@businesswire.com,Male,240.9.31.67
707,Louise,White,lwhitejm@1688.com,Female,131.32.46.186
708,Mildred,Romero,mromerojn@independent.co.uk,Female,53.44.165.81
709,Brandon,Moore,bmoorejo@amazon.co.uk,Male,28.4.227.75
710,Donna,Kennedy,dkennedyjp@buzzfeed.com,Female,64.150.255.247
711,Irene,Davis,idavisjq@microsoft.com,Female,237.190.145.77
712,Rachel,Bradley,rbradleyjr@sfgate.com,Female,92.45.130.172
713,Katherine,Kim,kkimjs@tinypic.com,Female,233.67.222.237
714,Carl,Hall,challjt@t-online.de,Male,222.41.206.69
715,Carlos,Tucker,ctuckerju@alibaba.com,Male,181.2.5.203
716,Gregory,Hudson,ghudsonjv@ning.com,Male,199.67.199.38
717,Benjamin,Johnston,bjohnstonjw@twitpic.com,Male,39.53.53.191
718,Susan,Dunn,sdunnjx@imageshack.us,Female,245.47.104.101
719,Joshua,Jenkins,jjenkinsjy@pen.io,Male,55.194.25.161
720,Lori,Campbell,lcampbelljz@amazon.de,Female,124.22.216.209
721,Patricia,Marshall,pmarshallk0@networkadvertising.org,Female,41.185.12.101
722,Joshua,Brown,jbrownk1@scientificamerican.com,Male,8.252.246.125
723,Jimmy,Reyes,jreyesk2@fotki.com,Male,32.178.41.66
724,Carl,Stevens,cstevensk3@technorati.com,Male,181.56.215.96
725,Elizabeth,Fowler,efowlerk4@redcross.org,Female,146.196.189.155
726,Jason,Tucker,jtuckerk5@123-reg.co.uk,Male,0.125.236.168
727,Thomas,Garrett,tgarrettk6@purevolume.com,Male,50.123.235.59
728,Philip,Cruz,pcruzk7@51.la,Male,186.41.248.238
729,Richard,Mason,rmasonk8@discovery.com,Male,7.124.11.234
730,Jose,Adams,jadamsk9@nih.gov,Male,44.159.196.245
731,Laura,Sullivan,lsullivanka@apache.org,Female,29.89.159.246
732,Adam,Schmidt,aschmidtkb@washingtonpost.com,Male,189.217.141.57
733,Christine,Hart,chartkc@blog.com,Female,64.31.55.159
734,Charles,Carter,ccarterkd@hhs.gov,Male,6.126.144.14
735,Kenneth,Olson,kolsonke@mapy.cz,Male,92.199.63.159
736,Catherine,Chavez,cchavezkf@pagesperso-orange.fr,Female,163.208.107.207
737,Carol,Wright,cwrightkg@cnn.com,Female,213.64.218.186
738,Carolyn,Hunt,chuntkh@salon.com,Female,107.216.77.75
739,Brenda,Mccoy,bmccoyki@cafepress.com,Female,49.57.177.84
740,Albert,Roberts,arobertskj@rakuten.co.jp,Male,207.245.206.66
741,Bobby,Phillips,bphillipskk@chron.com,Male,219.99.152.65
742,Samuel,Cole,scolekl@nytimes.com,Male,224.98.170.182
743,Steven,Lawson,slawsonkm@artisteer.com,Male,218.44.161.79
744,Stephanie,Reid,sreidkn@nifty.com,Female,245.82.239.84
745,Kathryn,Crawford,kcrawfordko@webnode.com,Female,232.101.148.222
746,Kelly,Perez,kperezkp@creativecommons.org,Female,78.44.82.89
747,Bruce,Scott,bscottkq@networksolutions.com,Male,40.136.38.45
748,Susan,Davis,sdaviskr@blogger.com,Female,208.60.22.145
749,Susan,Cruz,scruzks@icq.com,Female,96.123.119.119
750,George,Campbell,gcampbellkt@state.gov,Male,215.105.25.155
751,Charles,Bishop,cbishopku@ocn.ne.jp,Male,59.222.24.125
752,Rachel,Mason,rmasonkv@studiopress.com,Female,214.148.5.220
753,Phyllis,Bishop,pbishopkw@qq.com,Female,108.103.54.254
754,Arthur,Dixon,adixonkx@163.com,Male,34.83.90.199
755,Alan,Martin,amartinky@google.com,Male,60.188.69.15
756,Stephanie,Webb,swebbkz@nbcnews.com,Female,77.193.198.47
757,Roger,Palmer,rpalmerl0@shutterfly.com,Male,142.239.110.68
758,Frank,Brooks,fbrooksl1@msu.edu,Male,213.31.91.167
759,Keith,Gonzales,kgonzalesl2@examiner.com,Male,223.37.239.253
760,Heather,Franklin,hfranklinl3@guardian.co.uk,Female,157.80.26.149
761,Larry,Gilbert,lgilbertl4@privacy.gov.au,Male,143.150.52.203
762,Earl,Watson,ewatsonl5@illinois.edu,Male,3.138.52.101
763,Joyce,Henry,jhenryl6@nsw.gov.au,Female,234.147.151.25
764,Rachel,Palmer,rpalmerl7@nbcnews.com,Female,176.175.168.239
765,Amanda,Moore,amoorel8@domainmarket.com,Female,152.220.110.245
766,Andrea,Rogers,arogersl9@homestead.com,Female,10.91.99.182
767,Eugene,Chapman,echapmanla@posterous.com,Male,237.155.117.63
768,Amanda,Medina,amedinalb@examiner.com,Female,92.244.200.245
769,Scott,Bennett,sbennettlc@deliciousdays.com,Male,179.55.121.34
770,Harold,Wallace,hwallaceld@myspace.com,Male,111.143.86.171
771,Susan,Thompson,sthompsonle@wikia.com,Female,178.164.215.26
772,Patrick,Reid,preidlf@posterous.com,Male,120.169.206.78
773,Rachel,Adams,radamslg@canalblog.com,Female,218.132.180.185
774,Ralph,Williams,rwilliamslh@ucla.edu,Male,103.78.57.124
775,Judith,Clark,jclarkli@furl.net,Female,204.137.57.205
776,Robin,Fox,rfoxlj@examiner.com,Female,197.212.187.200
777,Louise,Tucker,ltuckerlk@sciencedirect.com,Female,253.206.84.21
778,Gary,Sullivan,gsullivanll@ft.com,Male,199.10.234.252
779,Jose,Crawford,jcrawfordlm@foxnews.com,Male,95.101.132.63
780,Jonathan,Carter,jcarterln@comsenz.com,Male,232.254.64.95
781,Deborah,Mitchell,dmitchelllo@nsw.gov.au,Female,147.186.173.51
782,Harold,Mendoza,hmendozalp@ebay.com,Male,53.106.87.21
783,Gary,Hart,ghartlq@hatena.ne.jp,Male,4.23.252.147
784,Nancy,Gardner,ngardnerlr@statcounter.com,Female,202.178.85.201
785,Ryan,Hernandez,rhernandezls@blogspot.com,Male,174.34.36.152
786,Janice,Marshall,jmarshalllt@hhs.gov,Female,164.28.163.222
787,Laura,Marshall,lmarshalllu@friendfeed.com,Female,96.174.19.37
788,Brandon,Rivera,briveralv@sciencedirect.com,Male,16.130.133.150
789,Irene,Simmons,isimmonslw@statcounter.com,Female,105.229.82.134
790,Craig,Chapman,cchapmanlx@furl.net,Male,88.164.23.6
791,Benjamin,Marshall,bmarshallly@bloglines.com,Male,155.42.187.87
792,Amy,Gilbert,agilbertlz@sakura.ne.jp,Female,45.138.96.202
793,Beverly,Andrews,bandrewsm0@about.me,Female,179.255.214.63
794,Carolyn,Tucker,ctuckerm1@howstuffworks.com,Female,146.36.196.247
795,Dennis,Flores,dfloresm2@sakura.ne.jp,Male,4.139.53.70
796,Jessica,Hernandez,jhernandezm3@wordpress.com,Female,40.28.175.67
797,Amy,Daniels,adanielsm4@shareasale.com,Female,137.42.44.8
798,Gregory,James,gjamesm5@youtu.be,Male,81.109.196.102
799,William,Chapman,wchapmanm6@amazon.com,Male,114.156.80.34
800,Jennifer,Edwards,jedwardsm7@adobe.com,Female,208.252.86.42
801,Brandon,Reynolds,breynoldsm8@telegraph.co.uk,Male,39.164.79.224
802,Jose,Hunter,jhunterm9@alexa.com,Male,10.23.48.219
803,Antonio,Anderson,aandersonma@list-manage.com,Male,22.231.204.237
804,Helen,Franklin,hfranklinmb@seattletimes.com,Female,68.120.19.91
805,Ralph,Miller,rmillermc@flavors.me,Male,71.208.12.54
806,Louis,Williamson,lwilliamsonmd@auda.org.au,Male,118.184.202.120
807,Ashley,Wright,awrightme@bloomberg.com,Female,71.152.165.249
808,Susan,Wells,swellsmf@merriam-webster.com,Female,192.193.232.85
809,Jimmy,Tucker,jtuckermg@wunderground.com,Male,223.77.97.34
810,Steve,Powell,spowellmh@twitter.com,Male,254.74.237.44
811,Brenda,Jones,bjonesmi@nhs.uk,Female,112.63.226.217
812,Andrea,Stanley,astanleymj@geocities.jp,Female,174.230.113.148
813,Douglas,Jacobs,djacobsmk@omniture.com,Male,246.229.63.243
814,Donna,Harrison,dharrisonml@jigsy.com,Female,172.1.184.26
815,James,Clark,jclarkmm@artisteer.com,Male,105.182.101.42
816,Wanda,Cole,wcolemn@free.fr,Female,61.44.58.156
817,Rebecca,Moore,rmooremo@hostgator.com,Female,106.67.185.168
818,Jane,Burke,jburkemp@vistaprint.com,Female,218.5.204.66
819,Bobby,Gibson,bgibsonmq@webeden.co.uk,Male,149.45.98.45
820,Jacqueline,Black,jblackmr@facebook.com,Female,33.173.200.191
821,Debra,Fields,dfieldsms@acquirethisname.com,Female,54.30.186.107
822,Willie,Reynolds,wreynoldsmt@163.com,Male,47.36.56.135
823,Gregory,Porter,gportermu@usnews.com,Male,239.139.123.162
824,Johnny,Gardner,jgardnermv@wikia.com,Male,51.160.241.65
825,Margaret,Daniels,mdanielsmw@upenn.edu,Female,4.18.153.223
826,Catherine,Lopez,clopezmx@fastcompany.com,Female,14.22.150.24
827,Joe,Jackson,jjacksonmy@infoseek.co.jp,Male,190.89.6.39
828,Janet,Welch,jwelchmz@cmu.edu,Female,98.255.162.36
829,Brandon,Sanchez,bsanchezn0@vkontakte.ru,Male,74.193.148.177
830,Thomas,Coleman,tcolemann1@rakuten.co.jp,Male,67.168.229.40
831,Judy,Webb,jwebbn2@constantcontact.com,Female,238.41.223.213
832,Nicole,Garrett,ngarrettn3@youku.com,Female,32.58.52.19
833,Stephen,Martin,smartinn4@digg.com,Male,60.235.16.192
834,Wanda,Reed,wreedn5@webnode.com,Female,248.123.38.116
835,Aaron,Meyer,ameyern6@cbslocal.com,Male,151.105.246.140
836,Joyce,Murphy,jmurphyn7@admin.ch,Female,219.183.171.18
837,Mark,Cook,mcookn8@twitter.com,Male,33.4.171.208
838,Dennis,Morales,dmoralesn9@reference.com,Male,120.59.61.63
839,Andrea,Williams,awilliamsna@mediafire.com,Female,132.158.7.90
840,Howard,Gonzales,hgonzalesnb@foxnews.com,Male,248.105.250.149
841,Christopher,Brooks,cbrooksnc@chronoengine.com,Male,53.194.19.144
842,Joan,Sullivan,jsullivannd@ocn.ne.jp,Female,184.199.22.37
843,Christine,Morrison,cmorrisonne@cdbaby.com,Female,105.91.184.110
844,Sean,Gonzalez,sgonzaleznf@amazonaws.com,Male,13.21.250.73
845,Jennifer,Hanson,jhansonng@china.com.cn,Female,242.133.169.15
846,Gregory,Hansen,ghansennh@auda.org.au,Male,189.163.11.243
847,Donna,Brown,dbrownni@yellowpages.com,Female,32.104.161.50
848,Harry,Carr,hcarrnj@biblegateway.com,Male,5.227.211.112
849,Andrew,Williams,awilliamsnk@elegantthemes.com,Male,185.18.61.185
850,Kathryn,Harrison,kharrisonnl@reddit.com,Female,107.203.222.164
851,Janet,Tucker,jtuckernm@businessinsider.com,Female,92.96.110.239
852,Jesse,Young,jyoungnn@purevolume.com,Male,50.254.18.2
853,Harry,Jordan,hjordanno@hatena.ne.jp,Male,61.93.161.152
854,Billy,Anderson,bandersonnp@istockphoto.com,Male,214.118.43.134
855,Janet,Burke,jburkenq@craigslist.org,Female,201.186.239.68
856,Martin,Dunn,mdunnnr@elpais.com,Male,2.146.206.61
857,Janet,Barnes,jbarnesns@wired.com,Female,84.189.122.65
858,Nancy,Coleman,ncolemannt@google.ca,Female,1.92.113.73
859,Doris,Ward,dwardnu@pen.io,Female,68.119.238.97
860,Kevin,Mason,kmasonnv@discuz.net,Male,0.84.96.138
861,Larry,Holmes,lholmesnw@imgur.com,Male,203.144.30.53
862,Jose,Larson,jlarsonnx@cnn.com,Male,127.246.184.134
863,William,Garrett,wgarrettny@webs.com,Male,41.84.57.82
864,Gloria,Bishop,gbishopnz@phpbb.com,Female,152.116.225.243
865,Lori,Murphy,lmurphyo0@bbc.co.uk,Female,121.18.214.158
866,Irene,Day,idayo1@barnesandnoble.com,Female,135.197.233.182
867,Eugene,Watkins,ewatkinso2@walmart.com,Male,207.125.50.255
868,Sarah,Rivera,sriverao3@imageshack.us,Female,202.216.95.69
869,Elizabeth,Smith,esmitho4@goo.ne.jp,Female,36.172.102.209
870,Joyce,James,jjameso5@xrea.com,Female,46.85.20.149
871,Brenda,Peterson,bpetersono6@whitehouse.gov,Female,119.147.122.219
872,Brenda,Larson,blarsono7@friendfeed.com,Female,74.83.120.244
873,Angela,Burke,aburkeo8@un.org,Female,71.85.222.56
874,Amy,Moreno,amorenoo9@indiatimes.com,Female,209.153.249.239
875,Carolyn,Bennett,cbennettoa@bbb.org,Female,45.225.227.192
876,Christine,Hicks,chicksob@dyndns.org,Female,81.21.64.91
877,Louise,Reid,lreidoc@biblegateway.com,Female,157.244.30.251
878,Tina,Mccoy,tmccoyod@about.me,Female,176.208.255.166
879,Fred,Holmes,fholmesoe@patch.com,Male,227.249.64.194
880,Linda,Reed,lreedof@typepad.com,Female,145.20.128.218
881,Fred,Stone,fstoneog@drupal.org,Male,84.250.239.73
882,Sean,Green,sgreenoh@seesaa.net,Male,175.52.184.192
883,Amanda,King,akingoi@techcrunch.com,Female,211.98.81.122
884,Kathleen,Young,kyoungoj@reddit.com,Female,216.200.215.43
885,Sarah,Chavez,schavezok@mayoclinic.com,Female,167.213.41.198
886,Emily,Sims,esimsol@pen.io,Female,167.140.157.91
887,Anthony,Jackson,ajacksonom@stanford.edu,Male,191.217.27.84
888,Lori,Rivera,lriveraon@slashdot.org,Female,231.117.105.10
889,Harold,Ward,hwardoo@edublogs.org,Male,107.28.61.124
890,Andrew,Hansen,ahansenop@technorati.com,Male,146.206.187.54
891,Nicholas,Gutierrez,ngutierrezoq@omniture.com,Male,249.0.119.250
892,Raymond,Mendoza,rmendozaor@posterous.com,Male,90.126.68.195
893,Jeremy,Pierce,jpierceos@technorati.com,Male,191.155.245.54
894,Janice,Peterson,jpetersonot@slashdot.org,Female,187.163.9.65
895,Peter,Campbell,pcampbellou@cdc.gov,Male,7.169.5.52
896,Kathy,Welch,kwelchov@spiegel.de,Female,56.254.147.12
897,Timothy,Kelly,tkellyow@prnewswire.com,Male,193.94.245.130
898,Mark,Payne,mpayneox@mit.edu,Male,172.81.169.79
899,Antonio,Nichols,anicholsoy@imdb.com,Male,59.5.107.18
900,Mildred,Rivera,mriveraoz@tuttocitta.it,Female,241.173.44.253
901,Mary,Gordon,mgordonp0@netscape.com,Female,149.46.62.41
902,Maria,Little,mlittlep1@people.com.cn,Female,142.254.171.188
903,Brenda,Duncan,bduncanp2@com.com,Female,198.192.17.81
904,Annie,Gibson,agibsonp3@nih.gov,Female,148.46.52.255
905,Julie,Chavez,jchavezp4@xing.com,Female,130.10.128.34
906,Lillian,Graham,lgrahamp5@mapy.cz,Female,89.36.241.76
907,Lawrence,Rivera,lriverap6@1und1.de,Male,75.73.194.86
908,Keith,Payne,kpaynep7@who.int,Male,131.23.44.31
909,Wanda,Meyer,wmeyerp8@youtube.com,Female,254.175.54.67
910,Sarah,White,swhitep9@baidu.com,Female,45.88.206.154
911,Diane,Rice,dricepa@bbc.co.uk,Female,66.188.12.203
912,Katherine,Wagner,kwagnerpb@admin.ch,Female,113.242.120.9
913,Joseph,Peters,jpeterspc@seattletimes.com,Male,30.73.29.183
914,Steve,Elliott,selliottpd@soundcloud.com,Male,113.39.149.136
915,Anne,Sims,asimspe@yelp.com,Female,7.114.177.150
916,Joe,Perez,jperezpf@123-reg.co.uk,Male,11.139.236.153
917,Kimberly,Murphy,kmurphypg@amazon.co.jp,Female,33.43.108.252
918,Marie,Payne,mpayneph@google.co.uk,Female,101.132.164.181
919,Johnny,Taylor,jtaylorpi@shop-pro.jp,Male,191.101.233.155
920,Jean,Greene,jgreenepj@sciencedirect.com,Female,230.199.103.253
921,Jacqueline,Phillips,jphillipspk@businessweek.com,Female,82.158.214.13
922,Nicholas,Myers,nmyerspl@dropbox.com,Male,237.63.142.233
923,Louise,Gordon,lgordonpm@hostgator.com,Female,159.41.76.130
924,Michelle,Perry,mperrypn@newyorker.com,Female,223.31.228.115
925,Samuel,Fields,sfieldspo@163.com,Male,239.100.214.9
926,Rebecca,Rodriguez,rrodriguezpp@utexas.edu,Female,62.143.155.166
927,Paul,Mcdonald,pmcdonaldpq@chicagotribune.com,Male,193.44.195.175
928,Jessica,Ford,jfordpr@gizmodo.com,Female,255.59.166.182
929,Catherine,Alexander,calexanderps@berkeley.edu,Female,77.231.126.158
930,Mark,Fowler,mfowlerpt@berkeley.edu,Male,58.154.114.243
931,Annie,Richards,arichardspu@naver.com,Female,218.204.146.4
932,Kathleen,Howard,khowardpv@discuz.net,Female,66.36.238.160
933,John,Weaver,jweaverpw@constantcontact.com,Male,229.239.50.0
934,Jerry,Hunter,jhunterpx@slideshare.net,Male,204.1.143.195
935,Lisa,Grant,lgrantpy@dailymail.co.uk,Female,228.40.19.117
936,Larry,Baker,lbakerpz@xinhuanet.com,Male,240.240.122.23
937,Thomas,Flores,tfloresq0@fda.gov,Male,212.76.87.162
938,Samuel,Bowman,sbowmanq1@hibu.com,Male,139.146.202.25
939,John,Day,jdayq2@about.com,Male,104.19.180.18
940,Jason,Stewart,jstewartq3@fastcompany.com,Male,214.121.88.167
941,Christine,Duncan,cduncanq4@hugedomains.com,Female,77.239.189.151
942,Donald,Reyes,dreyesq5@tumblr.com,Male,46.140.85.193
943,Betty,Gutierrez,bgutierrezq6@meetup.com,Female,50.29.69.234
944,Lillian,Griffin,lgriffinq7@ibm.com,Female,158.224.118.244
945,Betty,Harper,bharperq8@walmart.com,Female,187.7.235.23
946,Howard,Alexander,halexanderq9@pen.io,Male,208.6.118.185
947,Phyllis,Fisher,pfisherqa@e-recht24.de,Female,172.233.60.155
948,Emily,Rice,ericeqb@google.pl,Female,102.166.107.230
949,Joe,Carr,jcarrqc@skype.com,Male,123.148.110.214
950,Earl,Payne,epayneqd@studiopress.com,Male,33.137.217.146
951,Annie,Rice,ariceqe@usa.gov,Female,175.80.153.136
952,Carlos,Hall,challqf@nyu.edu,Male,17.146.102.203
953,Deborah,Rice,driceqg@ucoz.ru,Female,176.132.252.171
954,Justin,Gutierrez,jgutierrezqh@histats.com,Male,12.125.227.36
955,Helen,Henderson,hhendersonqi@fc2.com,Female,75.56.92.41
956,Doris,Shaw,dshawqj@pagesperso-orange.fr,Female,209.61.12.7
957,George,Gardner,ggardnerqk@smugmug.com,Male,134.112.20.97
958,Sharon,Cole,scoleql@miibeian.gov.cn,Female,29.205.127.168
959,Lori,Austin,laustinqm@nifty.com,Female,84.29.219.147
960,Ralph,Little,rlittleqn@msn.com,Male,199.102.225.86
961,Teresa,Bennett,tbennettqo@ed.gov,Female,231.226.78.20
962,Ruby,Smith,rsmithqp@geocities.com,Female,18.9.92.209
963,Jack,Howell,jhowellqq@digg.com,Male,61.68.3.177
964,Teresa,Baker,tbakerqr@harvard.edu,Female,254.31.28.22
965,Frank,Gray,fgrayqs@lycos.com,Male,27.250.2.151
966,Angela,Gonzalez,agonzalezqt@example.com,Female,99.3.47.80
967,Ann,Burton,aburtonqu@economist.com,Female,64.12.184.113
968,Jonathan,Garcia,jgarciaqv@nps.gov,Male,254.47.209.196
969,Eric,Vasquez,evasquezqw@time.com,Male,223.199.28.239
970,Antonio,Harvey,aharveyqx@twitter.com,Male,29.48.195.8
971,Lori,Richardson,lrichardsonqy@domainmarket.com,Female,142.75.49.106
972,Margaret,Burns,mburnsqz@mysql.com,Female,136.169.176.184
973,Phyllis,Gomez,pgomezr0@google.co.jp,Female,73.66.75.202
974,Todd,Hernandez,thernandezr1@marketwatch.com,Male,152.130.164.206
975,Theresa,Jones,tjonesr2@shareasale.com,Female,14.17.233.95
976,Russell,Carroll,rcarrollr3@cbc.ca,Male,232.69.100.184
977,Janice,George,jgeorger4@opensource.org,Female,178.221.40.243
978,Billy,Mendoza,bmendozar5@dailymail.co.uk,Male,132.203.153.17
979,Carlos,Baker,cbakerr6@adobe.com,Male,98.38.135.63
980,Theresa,Gonzales,tgonzalesr7@examiner.com,Female,116.131.244.51
981,Joyce,Hamilton,jhamiltonr8@wired.com,Female,86.178.136.167
982,Roger,Fowler,rfowlerr9@phpbb.com,Male,241.68.73.163
983,Amy,Nelson,anelsonra@columbia.edu,Female,31.6.105.88
984,Julie,Gardner,jgardnerrb@yale.edu,Female,209.89.11.158
985,Diana,Payne,dpaynerc@topsy.com,Female,56.174.152.48
986,Todd,Crawford,tcrawfordrd@admin.ch,Male,175.125.124.105
987,Phillip,Lawson,plawsonre@china.com.cn,Male,129.72.176.193
988,Eric,Parker,eparkerrf@storify.com,Male,232.170.175.12
989,Christina,Sullivan,csullivanrg@mit.edu,Female,206.57.77.201
990,Chris,Williams,cwilliamsrh@bbc.co.uk,Male,231.87.130.147
991,Ruth,Griffin,rgriffinri@vimeo.com,Female,192.57.207.88
992,Amanda,Boyd,aboydrj@sciencedirect.com,Female,40.151.68.109
993,Henry,West,hwestrk@hibu.com,Male,81.153.117.78
994,Harold,Stanley,hstanleyrl@ca.gov,Male,84.248.84.91
995,Mildred,Fields,mfieldsrm@mapy.cz,Female,25.158.130.11
996,Russell,Moore,rmoorern@posterous.com,Male,74.21.231.81
997,Julie,Torres,jtorresro@seattletimes.com,Female,121.145.150.14
998,Rose,Romero,rromerorp@npr.org,Female,105.44.242.5
999,Gerald,Dean,gdeanrq@vinaora.com,Male,48.114.22.51
1000,Albert,Adams,aadamsrr@abc.net.au,Male,167.18.117.152
